antigen_iso,llod,nu,y.high,eps
HlyE_IgA,0.179215741,2.8698349999999992,5000000,0.2396093923
HlyE_IgG,0.645003536,3.0251959976,5000000,0.16391902730000002
